{"subscribers": {"7009350191": {"subscribed": true, "updated_ts": 1783463045.4456441}, "999111222": {"subscribed": true, "updated_ts": 1783463045.445676}}}