{"subscribers": {"7009350191": {"subscribed": true, "updated_ts": 1783463045.4456441}, "555000111": {"subscribed": true, "updated_ts": 1783493590.8279831}}}