{"subscribers": {"7009350191": {"subscribed": true, "updated_ts": 1783893486.3783417}, "-1": {"subscribed": false, "role": "VIP", "role_expires_ts": 1786488303.906521, "updated_ts": 1783896303.906523}}, "invite_codes": {"dsESeZmBshyP": {"role": "VIP", "expires_days": 30, "created_ts": 1783896303.029288, "used": true, "used_by": -1, "used_ts": 1783896303.906521}}}